PTT,PW,WTT
1,0,0.627586207
1,0,0.41025641
1,0,0.609756098