WNP,WOP
-0.321543408,0
0.234192037,-0.970245796
0.491400491,-0.655093351
0.209205021,-0.655522779
4.035874439,-0.400801603