Day,P,W
52,34.8493798,26.32794457
52,33.88035998,30.34134008
52,40.71246819,27.45098039