Day,P,W
10,1,1
10,1,1
20,0.916666667,1
20,1,0.931034483
20,1,1
32,0,0
32,0,0
32,0,0.102564103
41,0.010309278,0
41,0,0.017241379
41,0,0